X1,X2,X3,X4,X5
0.34787570189753797,-0.12206582240576622,-0.1925634878193611,-0.8193392849449297,-1.1430845295045584
1.00260442802825,1.139587911745357,0.7700779326932471,1.2424842850608013,1.1482739690678536
-2.7116861524580473,-1.778779652670427,-2.1017054261088397,-1.9938116286832568,-1.7459105704244409
-0.15290506440275417,0.08024388029582896,-0.07475560683311751,-0.40450814231903154,-0.1619562619331968
0.08180121935266459,-0.09259558182571895,-0.14640556707689725,-0.6698836429233375,-1.570734322864171
0.9459460941560559,0.380893342601776,0.947673938558286,0.8643418412479276,1.1692308114087473
0.4355271548897955,0.35231145343053283,0.24088859692031275,1.279392610487876,1.0815900364675424
0.5605934152694501,0.5914917447636283,-0.05111166886016201,-0.5708379368852834,-0.7420012985638714
0.15606339575975214,0.46914250238191935,0.21690575062875095,-0.8914297562089518,-1.2834678983201946
0.7963785559960561,0.7071663460391153,0.8505608067375301,-0.248768431075945,0.07633517250108277
-0.5943614949178304,-0.38226884775770353,-0.3192744277851883,0.03412326275920752,-1.1622171955004457
1.9086539763558763,1.2365881664564538,1.0550258017233725,0.0032290258150622225,-0.036564384817112494
-0.560098917904334,-0.06253947782351565,-0.5852436661443714,-0.05529596105076601,-0.5806570416009594
0.6206954687436324,0.28380923273909864,0.6719876838561585,0.8522127699973734,0.37878161685423
0.4362134243040132,0.16451172327718688,0.39064459411346314,-0.005744013748976706,0.20003970729302284
2.638012934877294,2.456068556915957,2.434156834149835,-0.36822578181883964,-0.016466471029445207
-0.5415655307653504,-0.7203715687450257,-0.5241476662137475,-0.8464220560510437,-0.8620312833889999
0.616675358242594,0.4223409831800188,0.36838766512003956,1.3865436999628094,1.158859494967267
-0.31556361908270003,-0.27942706503043463,-0.10472523333797021,-0.7974420398200961,-1.1209886056510712
-0.6214895721348026,-0.22060700723180982,-0.31604013960872535,0.8602437196588042,1.0882400656513145
1.230934800365485,1.0361147779982685,0.9370537315767771,0.7733778574294901,0.2682683927716015
-0.5883947016885573,-1.0258216340133166,-0.701139205448456,0.5566798726802765,0.507443504181651
0.5862424578746327,0.07892121338034315,-0.1867194260517438,0.15822601852198293,0.2711668455740865
1.0694111484398305,1.2562520313301366,0.6558405594899229,0.4163487681103785,-0.05063304117823131
0.9497914590994176,0.6933619420253643,0.3384605698188282,0.06472161714362512,0.019084252483214124
0.2658967396268521,0.9467794165379972,0.39114818601118556,0.5870313326543375,0.06518176113935203
-2.016849189420643,-1.6000120904640325,-1.4673818236447165,-0.05087452032952894,-0.40111967061189713
-0.1779139103558789,-0.5796368337263536,-0.556793126980766,-0.7125540479863718,-0.7016267575812384
0.1854677994429373,-0.67203720700517,-0.3720951309426318,1.3044758367948934,1.6487938069391062
-0.8319660114026881,-0.5302492853667045,-0.5174551600413214,1.1874083509946853,1.3741648109964482
-1.964226376557496,-1.4610495058669075,-1.3649677472587376,-0.6716169151822204,-0.159028481284351
0.22848761489961003,0.2803994854032073,0.7479552231486601,-0.13276400069224725,0.21953931344733507
0.49735076783911486,0.7609178325621984,0.7306029834644526,0.41227219884729654,0.5771345490266699
-0.6767225902551961,0.2960317968414165,0.12283698872602367,-0.6207491251948057,-0.6176619590230635
0.6848098583520963,0.24727589231325087,0.5939253516186814,-0.4048623317291072,-0.23588991686837935
-2.010885342718549,-1.7309361036316955,-1.3159470942805327,-1.1509929670020915,-1.1213743477812246
-1.4994894384490447,-0.5636144181501901,-0.8264771145657149,0.5950728898357949,0.5436852154736825
-0.24200536643870607,0.18566349550976252,0.43069531769591296,0.8886175418172044,0.7172375202412196
-0.05316950842352525,-0.09329147682522376,-0.37123644466613903,0.3408509700841441,0.7545317057408416
1.3388538529957121,0.19532112177653987,0.12970841991065263,0.19868813569665056,-0.6577655089435535
0.15136794508139,0.1785318101343671,0.2929104205683095,-0.646967429294239,-0.9232876212949941
-0.6379283543954388,-0.6531025446885502,-0.6688173340492389,0.2664465845279822,-0.33065836204249555
-1.168979858385426,-1.2451683898676005,-0.8663669753913719,0.15332232181557134,-0.2598427716116205
-0.9766855912976284,-1.0100891204513047,-1.0467087699293551,-0.3930538075820158,0.41123023441494544
0.5635651403757844,0.95722202280825,0.641851453003973,0.7293734896350828,0.22091519504156598
0.9556474170251448,0.8643022822932053,0.329768254155294,0.1359151375727049,0.06152229461208389
-0.6728237607920093,-0.7760724839067321,-0.7177926124767244,-0.0960963795343759,0.010412928639755473
-2.26255906988701,-1.9687813260448177,-1.6128401780518045,-1.4303887014193,-1.1262596836286496
-1.2041452851658698,-1.8225364077016621,-0.8522578753025598,-1.2888097402036365,-0.7835096666253017
0.5001250598834506,0.09503360211433416,-0.49413339316174876,-0.9169709857526216,-1.4638419314877495
-0.16360529409443592,0.3367209026595978,-0.15183485068469926,1.3520032651379077,1.2115336709622793
-0.616062184314748,0.023587553791602767,-0.07531798486203853,1.2237835839402473,0.6665973817029189
-0.8205403162695057,-0.9454811676960684,-0.5697920084449207,-0.4329466230676018,-0.24084896491986785
-1.174676129682378,-1.26864580454443,-0.663103106324108,-0.23896057971811138,-0.19486997501894876
1.4694594611241678,0.9296474931898168,0.0415669760534713,-1.5313739139163558,-2.0871326722890475
0.5283149670893954,0.3020459292766535,0.9048806882771845,0.39028741178975246,0.19610042413417908
-0.3548943752792402,-1.5345461495131087,-1.513368099333559,-1.2667212533922019,-1.5725231053920898
0.1616892993348716,-0.4316878650944556,-0.10811431980315497,0.07877306482798707,-0.3351820940314238
0.33012341716848836,0.10533046742791125,0.07432475717997791,-0.593639600101092,0.10132948635213535
2.1757796021296545,1.081221967675126,1.0111913571227804,-0.4264171280109593,-0.5528965486629558
-1.2121525030996678,-1.6129630121271439,-0.5807341721034779,0.3030824066742343,0.12187242204087403
-0.4802165322292443,0.1929086112191356,0.9536241999803521,0.5477889594190414,1.3908493091064245
0.6481332615573165,1.1478565482199314,0.5726161288334773,0.5615683899616507,0.5621962908151882
2.30683122138248,1.1646676972523806,0.9268267075655777,-1.4879494089391254,-0.9505152907670129
-0.9958544937211067,-0.9932929702571763,-0.7964483470762188,-1.4594163982824544,-0.9506025268673961
-0.17753188190941832,-0.5772668856178423,-1.2015229560451246,-1.4528099161707835,-1.2917460914180925
0.19878450638751277,0.26827660324933544,0.7044170295463474,-0.077678972158147,-0.1208534921706246
-1.2071191111161959,-1.5333562771923055,-1.2839523568344349,-0.3494360524923096,-1.181278356755443
0.13685178785468582,0.6094780805032113,0.6339463571451389,0.7114633350555382,0.612220118817365
3.0890303966571673,2.677556426009659,2.2518578387350057,3.3883146458603877,3.1725051671396627
0.42142688603584627,0.38518367084397154,-0.35289856985826906,-0.8423090155291129,-0.5146054897155249
-2.4186022382183774,-2.1913676193975813,-1.7774551700103691,-0.06859515773282793,0.21829380516388508
-1.0888712741998727,-0.621119115023893,-1.2949227852648615,-0.23805135458707777,-0.5707989437404222
-0.621431823163158,-0.9783513494033442,-0.13332538511793124,0.17168992172919584,0.1330071826669983
0.8247498442071104,1.3461262655965283,1.021355281154431,-0.21793478361566126,0.16546420905863446
-0.0810014577364472,-0.1989430054569054,-0.3844255853940374,-0.9641478114754667,-0.6971357104324643
-1.6418093606720243,-2.632061012653846,-1.5808702949367894,-0.703171511806952,-1.0605682717987555
-0.03628414351229094,0.674430763620808,0.16138257554213137,1.8634719401050126,1.66997586174894
-0.04524418133644004,0.7700405139285078,0.23627412445167845,1.1344307098735336,0.5196480273070672
-0.040459449828518346,-0.5554886179306073,-0.8096695615515076,-1.0622093732709712,-1.7263839717430702
-0.803380892153049,-1.2073574077884515,-1.050882083661154,-0.9692344252486358,-0.971944091813004
2.7625648624107195,2.040964451621554,1.6518842246017278,-0.6111781128265411,-0.7495654038236705
0.8805324213061023,1.3268233205418043,-0.07046591536618141,-0.44079706064449664,-0.5828476606794379
0.8622399736594147,1.6773452892622087,1.1593907850147498,0.7694499694401611,0.4318527188242125
-0.2531333246553114,-0.22761305099705964,-0.02037989707124739,0.3639295666089257,0.009555486609448445
-1.0591783214564554,-0.31824513641748037,-0.11366327198045056,0.5769912904734773,0.7143290935877834
-0.6272586154562785,-0.9788013832334035,-0.9921265425950324,-1.7617430863386836,-1.2770817566801882
-1.558559724151521,-1.3754163021341081,-1.8572593314425807,-0.32940108061809314,0.5260989049152814
1.6955217076735825,1.719267082422175,0.8940648602078026,0.7495123839222511,0.13278247691437917
-0.05535387238679851,0.6362608393751314,0.4457692111696779,0.18199262060543728,0.13644269810168944
1.4695385865923303,1.5028477165225567,1.0790489034993553,0.23140943203349734,0.6814751267129546
-0.5273756445338356,0.5002072390894364,0.03036759747662876,1.6007915052439334,1.324113407879066
0.8033958981287705,0.5185243214054946,0.5476041815918649,1.7165434223466496,1.985897563935186
0.2319582752664262,-0.44757736964730305,-0.6288306696254232,-1.634286508654182,-1.8772025687743645
-1.6089454312606717,-0.7004604362870075,-0.6032737158045999,0.8359875851053274,1.7587925873540102
2.019559165950174,2.316561503194409,0.8879354387659908,-0.12435592198402963,0.31428466955250844
-0.32483128295922087,0.07809545936738009,0.16625876187103386,1.5221086217257829,1.8408715805499833
-1.5713007141200155,-1.0225735121621933,-1.5659555563872,-0.9069211953107137,-0.930577431865511
0.5871042271692208,0.5576001875194324,0.20951785309369278,-0.6517828414492084,-0.5401500576296419
-0.33734283067558396,0.059028792803000614,-0.3981560111791198,0.049638021700795676,-0.5342309087556099
0.23520098388441837,0.43168989859712326,1.0898482160957135,1.5403262998785876,1.4847099066817702
0.2583177206030116,-0.4127850386417893,0.25270948661218157,1.252251537308461,0.7480366245253455
-2.4398325704864265,-1.8954772675243876,-1.3860716284095498,-0.8529756199001781,-0.5582881866604378
-0.9487889370256013,-1.3014558509468497,-0.646620555695411,-1.3976884044184823,-1.9210535871799261
-1.4341870153676999,-1.7698798609580857,-0.872996586938118,-0.4784539155730022,-0.49487459770546266
1.4227467625361372,1.0101799497631083,0.28368769155610796,-1.8752105637470193,-1.273847515365843
0.20336585966587356,0.02661507697478524,0.17369828886789512,-0.8305547130124488,0.07004023918860525
-0.6810360391769135,0.09764534885921636,-0.4675154362221929,0.6909111096873928,1.5579442018526655
0.5674685775044562,1.0575718400323142,0.9027983984517378,1.3597222043430843,1.880293015666825
-0.2564044624954507,-0.8279156338530822,-0.5733593544866428,-0.5460356609851847,-0.6468841409290209
-0.7387480553272309,-0.3926622144487155,-0.28085442088370716,0.11047003134890414,-0.14602760618212168
0.023376697708609645,-0.2588874015708205,0.047402243021534646,-0.8239943430909223,-1.236570016883348
-0.009024200807770388,0.17811274126738927,-0.10411220789270156,-0.10677231634853968,-0.03101519952491938
2.8305248958492673,2.543800819852573,2.6256504811304997,2.347506717170175,1.5883995821703651
-1.0163534073057738,-0.9767007614485559,-0.666357083250768,-0.3765893270361345,-0.7522014816835829
-2.1348471918615535,-1.5727563319542086,-1.0393314297349958,-1.4013074254600877,-0.5460597414193612
0.7356126058947015,0.5108679649061233,0.7793008379466747,1.0264933969779269,1.2906291231939941
-1.3611746607847757,-1.56321611828283,-0.4966812618476433,-1.02255330215949,-0.8562194375756055
-2.992679511667444,-2.602813124772799,-1.818782309982781,-0.5962679817594672,-0.06554121320098891
-1.139135768537598,-1.0720474034353957,-0.9371831204189395,-0.1623504070724643,-0.9026615008161469
-1.0687133936619813,-0.5559063428622231,-0.35040544600842677,-0.6084777268726878,-0.19739544217457367
-1.7018377408677792,-1.8987137088751096,-1.7877173772586705,-1.7081234925570508,-1.7288900476424134
2.641562253361055,1.7960503582781469,1.304397328927096,-1.0509182582366898,-1.619586297949484
-1.1565038819811362,0.14487052173424897,-0.8594503960651401,1.824438727732844,1.7925478545677742
3.6593013763442634,2.6847210854736967,2.201140178957462,-0.5284079389486671,-1.2309969563774215
-0.10228306162138318,-1.0032272147365318,0.28500318922653534,0.41724930082940853,0.6990641127581151
1.7084744498342543,1.2820952642383443,1.1306824802394349,-0.8190986807889171,-1.0006222098680646
0.03102113314845817,-0.6193764253206157,0.3291247175800281,0.7552943644549112,0.7939367753305542
0.0803847190444753,0.5104494607336583,-0.489266317105046,-0.13816126041182358,-0.8614034289950068
-0.14455018363400718,-0.44455277738841364,-0.16866566993566234,-1.4418746555257531,-1.7206269575506798
-0.43778930156095913,0.09041358864994276,-0.10956615142815065,-0.40589385886337004,-0.3639601649992047
-0.19154925962412694,0.23764670611791505,-0.5088069662533398,-0.3065712901057536,-0.5722734629535379
1.2819317669263435,0.34404101999181297,0.6502469360698699,1.5993559803512611,1.4714042916892358
-0.022348422271810692,0.29297083786034106,0.23047019157906004,0.4518861013842972,0.1773279184436749
0.03699029628322048,-0.4262434863868639,0.08308663155014276,0.14040612987575052,-0.06813299139260959
-1.3503849074268532,-0.3616996223527471,-0.3729406369344449,0.02653392900873025,0.2639635537892197
-0.5669447389307389,0.013724025039258236,0.388777810041245,2.4519658927732912,2.1106341225574115
2.0800899807689186,1.4890293521280689,1.4488221560027066,0.5007633921608844,0.686348187839974
-1.0761120530992883,-1.4572979790921834,-1.3587539187599291,-1.348280441135722,-1.5983706103851756
1.5524351484105035,1.1039623486608694,1.744121095023163,-0.1394508580851146,0.3501141012747927
0.23778617701823224,-0.01679419611803129,-0.09683523137680587,-2.3941830590973177,-1.8479967506352037
1.6837984165520674,0.8822910596904754,0.9562192437525064,0.8546406943078009,0.45067632202770036
-1.5068048778568184,-1.8874565670209935,-0.8375047739480751,-0.616518398810066,-0.8224824436113924
0.35443965831113156,0.09910645698591389,0.0681859636574311,0.26072586562450806,-0.3438012452052853
-0.0364108371421385,-0.7321746883522682,-0.4635938515692114,0.44417847157365675,0.2243693336201697
-0.2730916560996304,-0.5036239404367566,-0.3145948409447357,0.14934736865748896,0.17907573301459498
1.7385290887039995,0.9489105305816422,0.34288351320360233,-2.8521028643239856,-2.9782775076726775
-0.00983310121556713,-0.61204806950053,-0.19339313865779686,-0.09309878370977465,0.22756879232912505
0.23860283330447396,0.6648291729152422,0.2771957636103688,-0.7358561320857433,-0.2077376359693093
-2.340461695852918,-1.8642215971490206,-1.2128330748364968,0.004799079547210955,0.6286517769824072
1.8404672385430034,1.2348939674035484,0.724810481792074,-1.5308180080062308,-1.3574900787434077
1.225232504520917,1.3111061552772307,1.272798105191459,-0.551357531332777,-0.34025200723699667
-0.42644930998764663,-0.5051858262941172,-0.5539537829509633,-1.3761774075283162,-1.4737545436438682
-0.44463272038312845,-0.439462778932007,0.37508652826627603,0.9912729162381165,2.272919745197772
0.5637709550959298,0.9507228556448115,0.5972153198733383,2.3024046570470063,2.2413929701918134
1.501969027994066,0.8611884601297393,1.136855578178414,0.22039855402216912,0.921701925864542
2.3354798509573023,1.8603648694617727,0.7959328695815268,0.3183618177573688,0.6892208140920904
1.3574509196734175,1.1014249295377567,0.09581535470479813,-0.12330644381113125,-0.021573483943300387
-0.4176456906436278,-0.07531030341282147,-0.07383777481018232,-0.7809986171683768,-1.322814762250665
1.089791288491705,0.6557315808953726,0.3937543393770966,-1.2483866572829012,-1.4290376313987925
0.9269085261971002,0.8769565124075427,0.4773569278255812,-0.23531070177379387,-0.182009951779338
0.8292217343922288,1.4645314293815088,1.162089442256346,0.8799017560572603,1.114176179882725
1.5989307301616873,1.3746509349168414,1.7578904870560905,0.9107042503647702,0.8549052432100891
-2.025086429335622,-1.3861247879609015,-0.997926503494717,-0.07896251027806683,-0.15189702770939587
-2.0387154473980997,-1.0448922986569325,-0.7265711069204575,-0.4421130380305623,-0.8340005548131542
2.0156124380323934,1.8968941078446944,1.867887764230412,0.5258236769569808,0.6333508166242241
-0.614534898951459,-0.8844508804353788,-1.1984578334104992,-0.9592255237902626,-0.941490612939889
0.06572738035081355,-0.14465445884598155,-0.4163541410190487,-0.7697982593786841,-1.6084238194330438
-0.9815645617050309,-0.6054427290280746,-0.179623172141624,-0.2043165072167753,-0.04987860622326351
0.7750558910076201,1.2868728981275652,0.7713863253907256,0.6089276428297343,0.8680510764143963
-2.942010226552574,-2.1610315559690387,-1.8315229604949188,0.27687207269938086,0.4773418221376884
-0.12113982097328949,0.10421610428698075,0.4949169635140186,0.53910670377218,0.03619069658462298
2.1361370363328636,0.8781788395593872,1.097750183267845,-1.5943876566873147,-2.1825964617096973
-0.6621542571984688,-0.5356318374406607,-0.09205365789486972,0.42056252943562566,0.7206679162646583
-1.6363329693888953,-1.4549465529009176,-1.0073486271443097,0.9594799638907769,1.3042021290210084
-0.10649065819166065,0.7566220465739981,1.0913348485383794,1.3110183301545615,0.44341703783978953
-0.46767599235929347,0.018440981448514526,-0.3496688164491717,0.7871035530090459,0.29277214372143057
1.3621867175798383,0.7959792411860567,0.9845311562058355,-0.1286357009205919,0.41902328949416395
0.588634873866442,0.05351558204049081,-0.07245308847965581,-0.35302358421339886,0.2174535029873454
-1.2104924979717395,-1.3581568244918687,-0.5990291889699598,-0.3688543212736859,-0.48500233585795793
-0.34939876063496467,0.24554760209722487,0.17388121647072816,0.3291337926587123,0.6074647563283004
0.8515155093763318,0.7978280607327218,0.5264952720806542,-1.0995046098369978,-1.033752189389025
-0.3841408727768285,0.3242282915450524,0.5099870715014174,0.5938066804178955,1.986692813477906
-1.806595644180903,-1.0928529399374658,-0.5339411779598209,-0.9917948577473089,-1.344330813760215
-0.0853536883175689,0.6792549538244436,-0.16129084855404058,1.2033131399570447,0.9122930798211654
-0.3440073324599388,0.10228365195724984,0.10266171924913181,1.5899707562506138,1.6815849924095396
0.5124044389170181,0.904080360388739,0.6790255074169569,1.3155524556845255,0.5209723381411417
1.146208532994416,1.009658699538229,0.7930088092490739,2.1798824952757108,2.3199327581501588
-0.6285795472439049,-0.5774180893602343,-1.1335607039203424,-2.678148323574575,-2.3177774625276175
1.3842483748952041,1.2870662149055196,0.8733627933456586,-0.5586388164128557,0.09681955642453788
0.14638000336251086,0.44340188401373803,-0.05374992797010386,1.1241497892037537,1.5050965423290332
-2.2300701231446123,-1.5801701308247575,-2.0181107728492913,-1.4977830089715847,-1.552627427509421
-1.8722373267280497,-1.952252216680566,-1.6005313248239914,-1.0251031112707047,-1.0938662462453566
0.673092087769526,0.6159906870307753,0.482381454081476,0.43901400337588287,0.8155698362500472
0.26077874205001006,-0.09828818379770071,-0.1714034127384291,-0.876162461068256,-1.9561493346879644
-2.5411670560425668,-2.867184067925999,-1.7665947262204136,0.295868090009737,0.20638950126961264
-0.5149437168040651,-0.5480337199359361,-0.23029093524911884,0.3365893237317713,0.26953136650886633
0.7553816668230632,0.7891162608209383,0.3728702100354286,-0.03344775152459628,-0.2560074560131022
1.0293772102776932,0.9695723387889856,0.7463680138061588,0.5947758304712536,0.27849280265079357
0.753680927931487,0.4802812807187591,0.18518777979474632,-0.81091334074863,-0.11089480441929733
-0.3511189905538028,-0.340019507836198,0.045546644966952404,0.2543712798623129,-0.2049837579604452
1.3214376468700242,0.7135218683672544,0.20502110010184732,0.04494690962333192,-0.2454126179681832
0.24603810929416087,1.0011543494263542,0.5348213775209343,-0.2167809010296816,0.18464297057961687
-0.09326126564486426,0.03993671854547466,-0.04326805606187911,0.9923199570833835,1.0554518364236745
-2.3872684032980733,-2.489350742829389,-1.944411039015931,-1.516718000908818,-1.8261618565024975
-2.2201661823286405,-1.779362607769551,-2.666399648424255,-2.420211501504209,-2.710402649159283
-0.42144334612223905,-0.6764181229557913,-0.11993611793025047,0.5625333033408854,0.8585017357463576
-0.12080992038307434,-0.3840927648915784,0.13039623682601703,-0.12880768782835025,0.30594694290355107
1.583852912889307,1.5527659707014314,1.8446133000695646,1.2075760867455727,1.0467099700898845
-0.3812660542199033,0.399712013152271,0.5001422993707212,1.377349093991008,1.152057363794198
0.3406121781196493,-0.44276441962654534,0.17016673431211865,0.02904596895790834,-0.8112027022387432
-0.5383479819411593,-1.0383655853804064,-1.4627452318545378,-1.7207923566939567,-1.956458736151143
-1.4998619974048875,-0.4430292087498434,-0.7360533340015188,-0.33292379926359933,-0.486525066440747
0.912440698521291,1.4371041902835984,1.1493978292441118,1.9603365145112637,1.8340455249290775
-1.7612636856720623,-1.7256902714056148,-1.5812216905337948,0.17614074640229438,0.44905922268388065
-1.6344917380016786,-0.9559469809752839,-0.6739002558899164,-0.27615970727036515,0.24762939946567186
-0.03512481270463137,-0.3811501970385095,-1.0002435432243686,-1.7964800757663826,-1.707274240824142
1.3470782775794505,0.7787111129025578,0.4207444854148805,-0.7009743589522339,-0.5251548492167071
-0.5821490941053992,-0.5590295188008325,-0.7084837701494051,-0.8775132500228129,-1.148349892531349
-0.5497333171855607,-0.30745835743858035,-0.6364174782090133,-0.1799811010350621,0.933727341568775
-0.1500955899100081,-0.6378577091287457,-0.26694272122999346,0.541299855899789,0.27762515317086134
0.2806877989188743,1.0463187431283671,0.37154983588638185,1.1174078335946012,1.516143763595464
-0.29420690142109046,-0.48925480393130616,-0.443914852374539,-1.4515628457277148,-1.4777284168487825
1.2029041220918546,1.0197342731235464,0.7865917356445004,-0.16023648969434556,-0.13287504703215197
1.5040546380763016,1.2045329680839258,0.7639492941343307,0.5151377350590209,0.4133094890319943
-0.0994105623000544,0.6005752407480347,-0.15740908951115803,0.46234884676356847,0.704192103624214
2.370615646381374,3.0677622016886996,2.0704924192977225,2.3693085517623973,2.0450368584912337
-0.022200058383653506,0.17609942691519115,0.35745330479366444,0.2628571570374254,0.5539441074492036
1.262998595781861,0.8074573919612146,1.4184893483267202,-0.6197657221880993,-1.1460715998376463
0.1914053184674855,0.045093828668081704,0.5396682504654835,-0.10186899856000343,0.00975960994770364
0.35763725141758373,0.36668217264995284,-0.2529073004839849,-1.124649670646555,-0.8494164943898681
-1.7271932065607936,-1.904404486577935,-2.1363851441737607,-2.0286947326947704,-2.5034400577191116
-1.4973225290234444,-1.4923052273940751,-0.6411623712778769,-0.380387233930089,-0.32304480072960434
0.022333522364220926,0.9380494203087586,-0.16615175176320102,1.686399029501508,1.9461017534201115
1.07194615717395,0.5903001723578589,0.5062714418067408,-1.216472893937719,-0.957787517714566
0.4327596393697327,0.4106014046099885,0.30836182654714384,-0.19140533507722643,-0.5598087410325223
0.29510641514198604,-0.17696937321238942,-0.7306388013949,-0.14382345811849273,-0.3182926823514245
0.7482057291158641,0.5147778529825902,0.2530316390452727,0.32593646153367817,-0.20848947004934368
1.4944513477151304,0.5561418411232466,0.208756290945462,-1.0245114231398817,-1.2042299068609768
-0.549286595299615,0.47178170082657467,0.7885949927306158,2.533762883100721,2.6134239755514126
0.1058351365739881,0.45666488587467086,0.6356681531650863,1.6369599556338708,1.9007928187520515
0.02151989674967486,0.0708287384045602,0.37874597319779746,0.7731825880703738,0.5085946748851108
0.16897820981862183,0.20301089172125947,0.2909571098341873,0.3574103714124731,-0.4473731808784565
-0.9312094132707501,-0.690038815948311,-0.5239175802528221,0.15757424340197038,0.027662893883987183
-0.9940407932142205,-0.9489268397874558,-0.4557561362302982,0.3422184548851963,0.4022462561914697
1.372633913448161,1.2038697439353045,1.151973617124177,1.1308192376071085,0.486371407324207
-0.19797395014759134,-0.5187240163541502,-0.47888154521285703,0.900189539985127,0.22231820325957463
-0.6835908880962878,-0.13329330681834864,0.006667969189198184,0.6339278679775205,0.9376098723977343
-1.828874585763117,-2.1403256404883924,-1.9839088231175441,-0.23596989027022092,-0.22147903134909988
-2.575129980343396,-2.7644742660075146,-2.2645548520989287,-1.7105533607943861,-1.29486528628478
1.325660083315794,1.5175432617548046,1.5621886764111028,0.3171910029165008,1.2948393305505246
-1.2181114516036797,-0.9203822764558894,-0.9523302785568781,-1.2490755619302225,-1.4874764873769246
-4.270621752928975,-3.3086617135749754,-2.4932101838471272,-0.8984423575527358,-0.454561839798867
3.1413079813977944,2.6899273874690355,2.0025148084706763,0.12302466935224354,0.34172832395356695
-0.5465762988177009,-0.7936904199145716,-0.11875134695302683,0.6816409700755486,0.5496483233390898
-2.7922839834870503,-2.003849534347511,-0.7721069436380205,-0.6173805359055932,-0.9222986659060977
0.4899471841119679,0.08626402011463065,0.38523392955359387,0.006934698046334939,0.04285702386049728
1.0578701203424516,1.0689816605135911,1.4192675997897095,0.7150277391928168,-0.09499204649400284
0.9359896763132673,0.8730957920928104,0.6889593717780136,-0.7495211753376896,-0.40772617689739715
1.3557012099580192,1.9953580290262654,0.9819328901410825,1.5664983155449186,1.6999949278484046
-1.3112460685933276,-1.4146948757234052,-1.871230964137621,-1.1151204497966412,-0.8656578033760446
1.4549746499325062,1.8781298940399536,1.015237016862427,0.32954316349220364,-0.13205226154557584
1.9325078634478456,1.399086715868189,1.4009317896566593,-0.28537176764580796,-0.33795307065476654
1.8559545716198667,1.394857102193606,1.3249769017356077,0.9473062482918279,0.0635153158573648
0.43571405584320866,0.948506112917509,1.0180744494424114,1.5940558293179834,1.0061732129496865
-0.2791137273384656,-1.2158371742160787,-0.13077184145045517,-0.9264569823113973,-0.7353320995558575
-0.8089103910883406,-0.8238496598897429,-0.14492486598739174,0.3973964978534607,0.35010509786030286
-1.853512502396788,-0.6080341240406121,-0.811008322738358,0.7957445771920657,0.9543990603822403
-0.20268693798563403,-0.366230287341254,-0.7031016481767136,1.037359689069986,1.5061146398058705
-3.164052484415088,-2.6044832450681046,-2.358908899352322,-0.5753830300412768,-0.6403852479926165
-1.8282995952877343,-1.6652336505706011,-1.6082181366621056,-0.9356093967291117,-1.2644077871600432
-0.35873351229443845,0.25684491512249935,0.24156181013387135,0.20831933518875267,0.27425145682997987
0.1669464627620661,-0.5846216212121904,-0.356137027057361,-0.040422339510448435,0.5844680448045863
0.6880956498581069,0.33750018083083594,-0.25618660675176474,-1.2531571072276506,-0.8727172811224468
0.5180211898085529,0.7678519296820567,0.7298461191343091,1.2112245612122314,0.6225233765361291
-0.2697293663844635,0.6476780205050942,0.2652838270190818,0.6078265438481972,0.5861753767737524
0.2735904022250609,0.9405348358902842,0.3877969279604357,1.9096108353256251,2.443792006939389
-0.2887384378663223,-0.6311528275004168,0.038766300634639816,0.021135753692633985,-0.35129010246093634
-1.4924867759697131,-0.7481891904633005,-1.4104672298851597,-1.014975645559125,-1.4017280850582685
-1.8413179308513798,-1.5548042553711663,-1.3172058909783138,-1.2065069671069604,-0.8010660610894652
-0.2186372715201357,0.2902359055490182,0.12809618292070113,0.11795992835361493,0.10794267619780018
-0.43287841945163746,-0.014745043573734101,-0.29512320056259184,-1.472079729993551,-1.0028032670035043
0.8099112680474704,1.520770376131351,0.43113786933826204,0.39702588878272776,1.1463448324627523
0.21545097833276852,-0.5137264179726518,-0.5132192361797004,-0.48401035644091983,-1.4163376982147762
0.09975539964409252,0.5018026180718068,0.9601015827484087,0.11209735311906255,0.23705198375526132
-1.3976159295288535,-0.8296578906284847,-1.3519504262718534,-0.2178439990459375,0.47183828482000734
-0.14221680806817127,0.39037117594297677,-0.36577444599519876,-0.8427494951493686,-1.0624499793566116
-0.059591408805437174,-0.3960516825115974,-0.20164772203125594,-1.13717634752524,-1.639225594740119
1.62445726763457,1.7571283169113714,1.1518482436236783,1.6034763475845257,1.6185479126832991
0.4780670884615653,-0.2926577239030248,-0.23040210659108817,0.5688923658809003,0.645531022296622
-3.0524325049728636,-2.7621403009319563,-2.1125026192540877,-1.6456151290657188,-1.3951426226963706
-0.32565687397202536,-0.20942391899082424,-0.7380426274036238,-1.6542262520512736,-1.7543255638250084
0.47945185914495053,0.7199054733202764,1.1243229177429523,1.712072132931778,1.9861996958764323
-1.6441634288097773,-1.4762597585007384,-0.7957794973120627,-0.7565405991989679,-0.9163709199109109
0.14423015779766496,0.4277018010229482,0.7700174801834153,1.809911707336301,1.499942511519403
-1.4559049483636144,-1.782052958677423,-0.8396744780886609,0.35544346364055746,0.1899191464733736
2.730516719817762,1.2265754869464403,1.0267434607876855,-1.480376687097743,-1.8470243632302166
-1.5715796986164228,-1.333659019135158,-0.897549724375807,-0.13839265626299818,-0.4666423404581693
-0.3801112737750033,-0.5685982391847169,0.05709629185963441,0.5319449893200064,1.2210593973554487
0.9531839270029776,-0.14995785849900517,-0.9969238892781906,-1.9152179676334915,-1.5828957253195501
0.7844155195885464,0.4745767050321896,0.5416671629004053,-0.3806618152910428,-0.2699752198558747
1.8051637633235824,1.6054398454749428,0.9389203377937917,-0.22856499429460936,-0.7824844120063472
-0.9443765831903845,-0.01635866881563741,-0.28209134034362277,0.7189342522530215,0.6323667762084016
0.7395570835283346,0.8558412228988977,1.1755692003807248,0.6909640344537245,-0.02053264758931367
-2.087290117834616,-1.0433022915877443,-1.2512065804843582,-0.1706688993304839,1.1597525495478394
-1.036451909065441,-1.0082566870005865,-0.8682889286876607,0.4565508853583442,0.0962087026792321
-1.3640043951240757,-1.1718114201731706,-0.9316863264101242,0.34760314560383626,0.4384639512831166
-0.6542266491060673,-1.3227286839900272,-1.5166470565731176,-1.1789625038235165,-1.2215266168664298
1.0006565095324094,0.8844675517031615,0.5473873521876806,0.5492713466406488,0.25214153581806414
-0.88290622991603,-0.41730842526530426,0.5503641232247511,0.8692883442681447,1.7462331652119105
-1.032516034170806,-0.4667008882724475,-0.47297788061076984,-0.6374660571900029,0.15202971849815702
0.20868471855666235,-0.484781641915495,0.2811014051365723,-0.162272735964073,-0.2345952248525034
0.6730504842753565,0.3782632655401191,0.6153203168392652,0.018376357777297958,-0.24672697101850943
-0.7764272673283914,-0.07870633829106441,0.21133697745546348,0.7785937169065513,1.6397151016699074
-0.566805715221103,-1.3311612689580938,-1.1142790168562668,-2.4619645171421216,-2.676023861217586
2.0475058110385658,1.8760545911379654,1.7644154256212998,3.090313019259002,3.215963450727659
-0.7836550132154033,-0.5022372322072095,-0.9313548172273274,-1.8754223948179893,-1.9924562528516852
-0.07427563099783702,-0.34291310560512095,0.08879453268162502,-0.22444749553228616,-0.12758996308387638
-0.47788738668788233,0.23499625380482347,-0.3450080084328702,-0.9184811984205442,-1.7071825894774957
0.44866276404804256,1.0558277239093137,0.7070684620547892,0.00832956908505611,0.8884450915098405
-1.956421585088985,-0.9311711777173154,-1.0121161799280887,0.6111681755191162,1.1228027784418713
2.1939740870786704,1.7892230060831211,1.6347865591683988,0.6253806705180156,-0.21010681010328133
-0.9052005744489362,-0.11860952683687265,-0.49335458774716234,-0.29340353449045686,-0.7132466564303233
0.5346143260566788,0.2668522568777724,0.25211728920955123,-1.9005149786807536,-1.4065259299881911
-0.008097963681177517,-0.11862962739081218,0.47558064311233944,-0.3105868334559047,-0.5951177631125641
2.1708500761930765,2.2189125394576714,1.8658690361110535,-0.2344281862904301,-0.20432015020918615
2.0285121816436953,1.151267438408139,0.9864823637660154,-0.9353550785345451,-0.8720519238791873
1.066938508656711,0.5523764000533357,0.5014414694213589,0.5774138710881987,0.17578375549224828
-0.8662646519165181,-0.8599399711481587,-0.93283853722233,-0.1965596240134318,0.6292533349099652
1.408096160454931,1.6398667241437734,0.7187866799648271,-0.11517826026399265,0.3616321421902116
-2.3475712024027,-2.2648195644351854,-0.9728619278928745,-0.4348018230123443,-0.025531018357060634
-1.2586831768864906,-0.8904424482386943,-1.1098016195888976,-0.4865652745081255,-0.24163043456331038
-0.40039798950442373,-0.6327434217819911,-0.6811807306323114,-2.1424556232519127,-2.002985732456693
-1.903151045213943,-1.6391096546921016,-1.2293195686784022,0.31453050032148183,0.33355048034838364
-0.41994366564355323,-0.6048741270932612,-1.3269123771405489,-2.471456741994223,-2.893103922633018
1.0514590474413135,1.3090518470239594,0.8621840187742097,-0.1811702027078509,0.43580542023575153
-0.48679066585107794,-1.043719717247563,-0.66745848071131,-1.5952523558074738,-1.8941749800207477
1.0453201812269965,0.37873500460252896,0.7015201999515212,0.8189840909855142,-0.1886431869074116
2.4752737004467185,2.1570303288805874,2.0131424478514517,0.548733791299482,0.8819483731062573
0.751548268241927,0.5028994390608812,0.30377322828020775,-0.010188682886915448,-0.4422154297134341
1.2372941467079328,0.6081796311426615,1.0915593523057483,1.062605538603882,0.7508531019993953
1.449206092589641,1.26755339733064,-0.013472379769231213,-0.3054729522351268,-0.6074614098529554
-0.5376774014498521,-0.31926835325701014,-0.5144876060981822,-0.8647059752017238,-0.5694342892507915
0.9692287106390344,1.1249567827126394,1.1307295192177313,1.889265325890197,1.322401518416161
-0.4978984549297058,-0.15681632912244664,-1.0148879619385265,-0.41676377287400523,-0.6428646511643135
0.2656795533018276,-0.006517327097107728,0.1266681143818357,0.3380229067021498,-0.6496667583673557
0.7915813830242197,0.11111782396702924,0.6043352213146282,-2.295273836961444,-2.484646737785254
-1.1128809386321454,-1.2665151772301113,-0.9666341317062801,-0.12761375693216737,-0.443036691065314
-3.0403085602010553,-2.3188114703414,-2.3948331750194702,-1.7285843372612848,-0.7541490135062958
-0.7501594850220461,-0.6415613714353225,-0.9334158637982619,-0.3426529863040188,0.003714546126723589
1.4530078811967484,0.9458625200330097,0.3311329719355508,-0.09960150378207233,0.05413617546106131
-1.5962529510356316,-0.8505768140110664,-0.742274830040874,0.06500856572905572,0.19894265458082025
1.0506687731520135,0.36889403816888466,0.38649539461374427,-0.6043032587126678,-1.2361558687841867
-1.3009028578630308,-1.3452701946439953,-0.035100952989610135,0.7152055633096714,0.8453726495840752
0.02447427715688144,0.08097333087411483,-0.056282141925656864,0.5762018478997338,0.5839638504027843
0.7740460761701439,0.29345954721244943,0.06044152858520235,0.8399480011599214,0.4685693375416286
-0.7907417212720009,-1.2358157729404364,-0.6813622566822533,0.2042008267306088,0.10213744739440365
-0.22448701968989673,-0.45062757372717843,-0.5502516177878968,-1.409969472218697,-1.4723250454454553
-1.4322964253471455,-1.458889130619303,-1.2807965285273843,0.37451196142934035,1.0844351430112948
-0.21846086871223017,-0.387309685077767,-0.6647023499415188,-0.8853667788172437,-1.317576647297257
-0.19329893371173107,0.42036618076405186,0.5237458113418443,0.8238280098717284,0.9841628072116604
-2.7042747686022848,-2.0622258709517354,-2.8482514326092345,-1.6412125925693675,-2.0591155583656033
-1.2977630283319848,-0.7399791939704742,-0.4261079965311827,1.2087514406330397,1.609458871505273
0.1785277095139823,-0.0026867844447038824,0.6902256422306382,1.0214375888978207,1.0970012575141501
-1.8304134518307011,-1.2743926484050905,-1.0451958411400655,-1.5429125877150247,-1.2287374883429403
0.5024964664741427,1.012113780480279,0.9530820837625742,-0.39625121539134267,0.8122798657473881
0.3839188662909547,0.8054066089766638,0.6738391520718849,-0.43150417709458144,-0.05845775186956767
0.30151234846573316,0.47606654482536603,0.33915239734942204,0.544835303161646,0.19655085633943878
0.8829586460740171,1.2679883153909737,1.0384351853088625,1.1043290391492295,0.6883331084613387
-2.257425227689666,-2.2396423484357517,-2.1563245778198494,-2.1733959741841584,-2.1792001957867257
1.1555553903220883,1.6685661219512002,1.5682546642293256,1.360919307947249,1.0599300711252182
-0.7521346285853429,-1.4108953061309857,-1.3365994786450661,-2.0637792161789332,-2.312756045089351
-0.32175004388594647,0.47506296334449316,0.12345900854193342,1.8586010771502965,0.6980999742018388
1.7798986844267664,2.053895651538637,2.0517589332680757,0.715433921427849,0.7396000553677785
-0.9991242611404468,-0.7535962846101976,-0.8873972624852848,-1.4988160462277964,-0.947349613536183
-0.6591067364783447,-0.4450604389326315,-0.24177651603307881,-0.5475053255035138,-0.2102686236116617
-1.1264074293038353,-0.33717715177552166,0.0282874904897365,2.289492697098819,2.253055695946899
2.2332421527315582,2.1658322493589743,1.8114463359416413,1.1954072307875192,1.1499207916090401
-1.3502879968699428,-0.623361483976723,-0.5083790731836652,0.5639821593253366,0.7418478109296289
0.40443207306264556,1.0217879367098723,0.6680501157190737,0.24766825928186215,0.7293645115050638
1.3314636775142206,0.9547893075123628,1.4967102432591446,0.5992085726958212,0.5762385300847683
0.9003710896699558,1.210172259815812,0.7890944613150249,0.35117256915907463,0.8637600129430852
0.2634527723240098,0.550446373518109,-0.2627861291119373,-2.4200426382835727,-1.8547627510388998
0.6837246305707372,0.445158772204349,0.44932556090067777,-0.8537579067225085,-0.3381654359410042
-1.752407511089038,-0.8761908139547784,-0.9012135089436889,1.3604957940720068,1.6471242720218218
2.3443609931056293,2.2410551974457227,1.8740083715964928,1.1269937089675668,1.4016508301402575
0.08242115534423172,0.7862411680547534,0.962813725615652,1.693062138447509,1.2591218072228163
-0.8073961199646531,-0.47747593345763484,0.4969698209754567,0.08362611316201476,-0.0021403808919764067
-0.8193675565235092,-0.6345251259157167,-0.7483450884439984,0.19962324013344956,0.39706007110478647
0.14061195362554033,0.2798696894534066,-0.21574666503963763,-1.0788048140802804,-1.0821362957968597
-0.41233933448724197,0.15931554315425425,-0.15324718500880347,-0.8396778337702979,-0.7261533828382329
1.8516381165179623,2.1357708009250964,1.740452801471824,1.1292794573305729,1.5689177061707582
-0.36699235754818443,0.052972894796565535,0.17512320105764237,0.029049918748728948,0.2821640643060736
-0.4269299465002658,0.42660144632759683,-0.229988658714436,0.41092730244842296,-0.23294768045033903
-0.9904965672461894,-1.128628433607019,-0.9204804708708673,-0.43450339731236026,-0.13041988655773892
-0.7999182996588018,-1.2314389171116966,-1.00948659175692,-1.507955024405532,-0.6854478719310096
0.586546946483556,1.0530443920431494,0.4676701503756917,0.5201731338484609,0.033981904432977716
-2.278170791202053,-1.7480840376303295,-0.9903702510550406,-0.23476055532905366,0.2801630071132598
1.3870603961407841,1.6957665355185934,1.0966155651973184,1.8758606906818542,1.0195272519117162
1.0010656612029856,0.6706036293588205,1.53165083784605,0.38733116297535297,-0.057431692422486746
-0.6393475845009329,-0.8554774379054287,-0.4113076691700619,-1.632553209976949,-1.271676742588143
0.2747694705175814,-0.17164389129919028,0.7075660955437431,0.33262155809919125,0.639097399297648
2.252728914224962,1.4013539341251997,1.2335128895895309,1.2643120124197889,1.506151821271315
-0.3286882954304515,-0.5703583114429852,-0.16188790781078877,-1.143836947362576,-1.9820449456484028
-0.7505454562538099,0.17471040109937014,-0.06953743424191712,-0.04333824420173982,0.1878314171210825
-0.23852889262678384,-0.09694205892088614,-0.7425138471924568,-0.8503871742177336,-0.5537967924264049
0.2735114038152436,0.32365102147878977,-0.3177316896551433,-0.37153065703222427,-0.22687842973842992
-0.6076337363256638,-0.5240419949362085,-0.43778209745905866,-0.001809119900548356,0.320998540001847
-0.10447934029092393,-0.388880254313572,-0.5153039442143812,0.056231004335815765,0.3287699170589664
0.21579062826829315,0.19090920755274995,0.03358764617893491,-0.8454136446849679,-0.8263040595212224
-0.2787317313267863,-0.4739574551265076,-0.2247201510902727,1.3669213845919739,1.4462020267362845
-1.7359934333694271,-1.7179179407802916,-1.7070138249643008,-2.434416722172321,-2.4230567397140863
-1.8806789287955143,-1.7962517515524061,-0.7392004158043678,-0.10592211294168716,-0.0549987909468394
0.038340598435698516,0.08434270048073671,0.12002675294994193,0.5084942701358561,-0.38296808046090364
1.7147416121675225,0.7419481215921512,-0.3018277895592653,-2.3202058155816587,-2.5598308081720607
0.21796772818375942,0.705541354423947,0.2675722814834198,1.2233896513413547,2.0319908952691064
-1.493261869672287,-1.5363829597311047,-0.9473284561128109,-0.6493083177083734,-0.5590336603015454
-0.6816724929718742,-1.2802811341244307,-1.142226911410705,-0.9234112401557303,-0.6929577134608202
-0.020066315580693106,-0.24028346439462592,0.44844907116281374,1.159616395141078,2.118096616124995
1.8647327029591056,2.16874247371701,1.1721817408323547,0.4517733789469843,-0.19213692888841727
1.9812672980548975,1.755503965598643,1.7690754759140859,0.5418758236757403,0.01791944716574857
2.117826716330337,1.9625372065636024,1.4145027545680633,-0.3059810047848964,-0.3465207220108951
0.22780537420087266,0.5687974455240192,0.69928332987838,0.612439081478884,0.4882091482180272
4.039268581035786,3.1490855392744366,2.752499327870001,0.9219317263796997,0.5617913491169546
-0.7486527324508948,-0.45781096392086895,-0.06881651752570972,1.0621049665484457,1.1386909387006023
-0.26721404479794353,-0.4725875025328263,-0.31252366597111575,-0.7437767574155512,-0.42781342349959106
1.290846937456336,0.7139140490246809,0.7517563939428888,-0.06513502912844396,-0.1237578624065664
-0.003187709116479087,0.6611054364348312,0.5467618505850469,0.20307296958467422,0.6070425296349659
0.34712604295600413,1.3311050306258547,0.3284974459062264,0.5351822156234977,0.3481291129977018
-2.2126626512284067,-1.5529679206176352,-1.3837766634973974,1.005891929474278,0.8049747208605252
-1.097277687963301,-1.543178555296298,-1.0927555541669485,-1.580709243785251,-1.7690009679165386
-0.30303581507492805,0.7599139707312139,-0.10057786914632029,-0.35895574730579427,-0.11708733427387207
-0.8476777493296009,-0.3632996832537404,-0.13905641783983833,0.9646656067437039,0.720676951443573
-1.5084780665946247,-1.6863817553585922,-1.3817161526326969,-0.8164739577597274,-0.8041547800292956
-0.38258611526219816,-0.38760807870720226,-0.1888758780547634,-0.09328076402535054,0.18179631228627063
-0.193749679816077,0.33621195013613636,-0.02614050816776331,-0.7918736411140711,-0.9946752548713154
0.5730226665864079,0.28747121850585416,0.38471060261050344,0.30490582046219616,0.2763300297207883
-2.6807181871888512,-2.577994351631781,-2.3181051405508892,-2.254977583808267,-2.56306583369253
-0.4413986813572133,-0.3030633454088482,-0.05026947881185352,-0.5763775490053323,-0.27780510255651936
0.19346170855298445,-0.4995505261047301,-0.15306455534193403,0.2691025522375504,-0.15626121929238257
0.0985709001546912,0.7641385057717828,0.3728821308711701,1.3015541013609881,1.1711041881712894
-1.4361792769740207,-1.201592060318458,-1.1443405444504737,-0.9768172366918084,-1.4536724135503798
-1.2996268094303731,-1.0539952283350322,-0.5767396436673586,-0.1279694769532841,0.6229014483569344
1.6338354860268596,0.7636019689086595,1.2290349190894534,0.3633832238644534,-0.17392319119863925
-2.573944382823645,-2.816887002200953,-3.0110092100323893,-2.5073989823765985,-1.7978675357110858
-1.1772377096742077,-1.2189553837932599,-0.8525720496759763,-0.45635697341642945,-1.0493290402733804
-0.6247296387897872,0.05228880227755156,-0.6377230789759184,0.25867061640493133,-0.1029799931856894
-0.21035746903195077,0.22731984344709444,0.28778934860057087,1.2909128581253255,0.8087955115753611
-0.4771228547952528,-1.1042888319669233,-0.7216467027162964,-0.8524458339445118,-0.8030129877622231
0.675737649042611,-0.08139586902217918,-0.48255241385018127,-1.2260499120855424,-1.6334559036630567
0.812443098671348,0.3967824618088952,-0.07902998882920631,0.4313612585594989,0.0016973192005614451
-0.07432995067549454,-0.024025097032170678,0.851819353280352,1.3105624109024865,1.6458747916323364
-0.7144143235444667,-0.5378025093159897,0.21947935349772768,2.4816505692348536,2.1191893393683734
-0.15197489336420147,-1.3056653540337115,-0.5751288530190001,-1.3934722756708997,-1.6502673701903665
0.40833863808235,-0.24320256355607678,-0.3201811414278464,-1.1824111046560069,-1.7589144818801679
-1.2417029493992886,-0.3840211419743371,-1.1152798823101444,0.09196311034942942,0.3168206131301111
1.1897850665676193,0.6617296782481839,0.09066420272789258,-0.17525538225458032,-0.90653921643002
1.4876161151758822,0.8112435228737227,1.4591537929802079,1.1344081788844782,0.9647072615408665
1.658419023953055,1.6253876919044998,1.1594408982306357,0.8392296345806484,0.4074565827390742
1.8222261726822457,1.119935645101867,0.5082265248639614,-1.8768702504752728,-2.023416032041884
-0.2164117354440453,0.12723214592633464,-0.23260068926034372,-0.6059989262415202,-0.027152123497683922
0.2978585763832237,0.15032907068155532,0.1351504454393887,-0.862216426360474,-0.7617646320420379
-0.3512401903473791,0.40456132725694605,0.3794738218350693,1.907026123651367,2.3966287542689937
0.055281465906787675,-0.13547763389470963,-0.21263667104270523,0.7374027570441326,0.687338903182195
-0.7606002413976969,-0.31107285400535273,-0.11344683894730936,0.28613527010071954,0.3563150652344484
0.09239181687592779,0.27125575303836014,0.1585516048542511,0.24677022756259848,0.4147771552580993
1.4040663986486448,1.4843825600622658,0.8607923563856993,1.644679750679218,1.828995093290408
0.28713310071928994,0.35348232046281153,0.5709575425793904,0.29682173811192863,0.16008891045379903
-1.4854883482736827,-0.939205536018154,-0.44078871822714816,0.03167527839424472,-0.5371435446178369
1.0586371860472754,1.1904735068914785,1.0652994985090949,1.1217889507883743,0.6774508183206405
0.27341460561928305,0.5149853736414794,0.6829072600975238,0.6658394828636198,0.8714862953518784
-0.22222525322941944,0.544389370372351,0.5953807767815387,0.9435075767084706,1.3700205291550493
0.33044735873495285,-0.4595446694303792,0.18943022168490545,-0.6052596391120317,-0.2455614593709836
0.018454134001028744,-0.2412756566782495,-0.6954543058753655,-2.8060796846743745,-3.1862446301426495
0.382913631155623,-0.8076785228711807,-1.231377647494705,-3.7852903333039447,-4.015738072915139
-2.2506304730462365,-1.4455461080433816,-1.3270064214055444,-0.010081557233410698,0.41351657313870976
0.64079315561512,0.34250899688618447,0.5968085753693959,-1.3153486484142767,-1.3007152566310438
-0.7266852662088986,-0.44502073191635694,-0.30870478071550744,0.834553631522965,1.3543447197596405
-0.9029468817025517,-0.5534280734292126,0.04694833596157866,1.880389783015781,2.642348307231168
0.17802372741267275,-0.19147640467435523,0.04280638135436679,-0.14962860707012843,0.3005378095145853
2.0599438484090324,1.8905611886215223,1.118893529149518,0.6082710142015362,-0.31057774864127996
-1.5771011165720992,-0.8113909113382964,-0.3334570514919539,-0.06193225330826163,-0.13280291282392287
-0.7012880073847717,-0.9152931834434479,-0.39908822354378165,-1.4757215266919268,-1.8329663720673575
-0.2873387113599728,-0.36973107988796783,-0.14399852470980795,-0.7267946162277088,-0.447892992896865
1.1116275174895647,0.8966796335822844,1.0691634238796786,-0.1664846141084313,0.8824072975836296
-0.2267776555270633,-0.18978335942078334,-0.10056238631304967,0.4286794370621594,0.12095209981694809
-0.2137703716137777,0.7675259737743734,0.26127290079836163,0.6712729233821935,0.2947194280061779
-1.041794068966089,-1.4034420422139013,-1.0821951813238446,-1.2267885570964447,-0.5682425553626436
1.9202931485267127,1.0361657920260063,0.7792356240712613,-0.4139018405693321,-0.12176867197436786
-1.798886472216262,-1.454480733113963,-0.7067520021630787,0.14063877152842236,0.476867469986856
0.08165053278592638,0.36848385811829565,0.4937413494036982,-1.2680106648135,-1.2452470327181857
0.02154741770312829,0.4474956185577412,0.12131232278858028,0.6902016003003314,1.0408048448769625
0.47980992597850525,0.07699044167817565,0.094594874832103,0.25507094948478953,0.8426154091194119
-1.0659545570118985,-0.9293235938914459,-1.5928987917175599,0.6169360266080559,0.6450642956002093
-0.8267336950231632,-0.49013827622852474,-0.05827613174500784,-0.3479220813912538,-0.923797690313505
1.22788937804253,0.5251603327303963,1.0733801880108869,1.9077171024362174,1.6327202264130491
2.003562800531847,2.3241355050332446,2.122363949658033,1.887256784826026,1.7085913871904117
0.19273142022492354,0.18068241820634529,0.09768729833869755,0.3685994447924689,0.3168142635997568
0.5564769582231747,0.5044650089981935,0.5652073376366707,0.2702958843586151,0.5655395236306872
0.1443778571311995,0.59655770155008,0.6755319868217263,0.7673955113606992,1.0845355084748554
